screen_x,screen_y
836,231
935,308
983,288
936,308
864,288
912,216
912,231
886,166
935,249
960,166
935,154
984,77
960,332
808,83
858,166
864,77
886,166
836,83
864,83
886,166
960,154
864,77
912,144
864,154
858,249
816,166
808,332
864,249
808,332
738,308
674,270
674,270
674,270
985,415
1037,308
1037,360
909,332
909,462
1010,462
934,498
909,498
1010,462
541,308
555,332
505,385
505,385
541,308
505,385
518,462
570,385
518,231
518,308
518,308
726,462
909,385
882,385
906,332
909,462
882,332
934,332
909,288
909,360
882,154
909,77
909,288
960,308
1230,288
1248,288
1329,288
987,0
987,0
603,90
853,108
903,216
932,90
853,90
932,90
906,332
877,415
906,0
906,0
790,98
698,180
800,90
640,0
934,166
726,77
808,154
787,83
893,432
1031,205
1047,135
872,270
981,135
1040,63
1033,56
1086,120
1050,60
995,170
995,56
1050,227
1066,240
977,227
977,113
1031,341
1050,240
996,180
978,127
1050,254
941,120
960,127
978,0
862,288
886,254
903,254
901,337
844,337
960,202
886,240
941,190
1050,127
978,190
978,180
924,180
941,240
1014,240
1033,240
978,227
960,240
1014,180
883,60
1014,56
1014,0
923,180
941,190
1014,120
941,180
923,180
941,180
903,120
978,60
923,120
978,180
1050,0
941,180
905,180
923,190
995,240
941,180
960,180
924,127
941,190
960,127
1014,300
960,240
924,120
978,254
905,127
941,180
941,127
924,127
941,190
941,127
941,190
905,180
924,127
960,190
960,190
960,190
960,127
869,190
978,254
888,190
941,190
905,127
924,127
995,240
941,135
1031,254
960,190
960,190
960,190
960,270
960,127
888,202
905,190
978,63
924,127
1031,60
1014,190
1014,63
1007,108
992,240
1070,216
1097,270
1021,227
1170,93
1114,90
1140,147
1238,140
1238,140
944,441
1021,315
1021,234
1070,187
1290,422
1083,441
1097,469
1050,516
1005,422
1063,441
1066,328
1063,392
1114,392
1066,469
1083,540
1066,281
1021,514
1070,450
960,225
990,270
975,328
1021,196
1083,375
1005,281
1138,341
1101,324
1120,324
1052,308
1024,378
1056,378
1056,411
1007,360
1038,343
1101,360
1088,205
1164,343
1176,294
1101,196
1101,196
1114,245
1184,378
990,360
1083,294
1052,360
990,343
1038,294
1070,270
1052,294
1114,392
1097,360
1133,343
1207,216
1158,328
1158,405
1158,257
1219,375
1181,343
1188,281
1158,294
1170,375
1249,315
1188,294
1230,375
1158,205
1164,308
1152,240
1171,317
1106,341
1120,360
1196,317
1145,360
1152,381
1164,420
1152,300
1120,381
1184,317
1196,317
1152,254
976,254
992,300
975,341
1038,317
1021,341
975,227
1007,216
640,108
660,205
692,216
566,216
576,154
608,162
598,205
608,205
598,196
660,216
640,162
640,170
629,205
640,324
748,77
755,190
768,0
960,308
1088,337
1083,180
1083,180
1073,360
1088,337
1088,308
1133,190
1280,135
1312,202
1312,202
1344,254
1120,270
1269,337
1301,240
1376,300
1301,170
1106,240
1106,240
1259,170
1196,240
1133,180
1120,180
1088,227
1088,300
1038,284
1152,120
1120,216
1133,170
1120,240
1176,108
1207,162
1133,216
1120,170
1152,162
1176,162
1145,205
1120,205
1114,257
1052,154
1056,257
1070,205
1101,205
1133,205
1088,270
1176,257
1188,205
1188,205
1145,257
1145,257
1145,205
1164,257
1133,270
1083,216
1088,257
1088,257
1101,216
1101,205
1083,205
1133,257
1133,284
1114,270
1097,270
1097,270
1083,205
1120,270
1101,270
1114,257
1101,205
1133,205
1145,324
1088,270
1114,270
1101,257
1101,284
1052,270
1088,284
1070,270
1133,216
1101,170
1070,227
1101,270
1114,257
1070,270
1070,257
1101,216
1101,216
1083,216
1070,216
1083,245
1038,257
1083,257
1070,308
1052,343
1083,294
1114,257
1145,343
1083,343
1133,216
1114,216
1101,257
1088,257
1024,227
960,341
912,324
944,270
944,324
990,308
975,308
960,257
975,257
1020,257
929,324
912,324
990,378
975,324
944,284
1005,257
990,270
1007,308
1007,257
944,257
992,127
1038,51
1083,234
1066,270
1070,140
1127,249
1181,216
1219,225
1207,196
1230,225
1127,46
1219,147
1200,180
1290,270
1230,225
1250,259
1219,234
1249,140
1260,225
1240,187
1207,205
1170,315
1127,345
1110,270
1110,332
1110,290
1170,259
1200,216
1200,225
1230,259
1219,270
1059,127
1120,190
960,135
960,254
990,270
992,270
992,270
1007,240
1007,360
1007,341
992,324
881,245
975,270
928,205
881,245
960,257
960,257
1724,0
944,60
960,120
943,120
976,341
975,270
992,120
975,56
960,170
992,170
1008,113
1026,180
1077,227
1077,63
853,190
888,72
1086,288
1086,288
1107,270
1181,98
1137,98
1070,98
1123,180
1070,180
1167,0
978,249
923,0
1016,77
1107,144
978,77
903,72
960,72
960,72
940,72
901,144
903,432
930,480
1013,405
987,294
960,0
800,216
746,360
906,392
877,589
726,360
746,108
746,108
882,108
853,108
768,216
930,360
656,308
912,462
624,432
912,472
757,432
936,405
842,385
937,472
731,381
916,508
731,381
916,508
777,462
893,381
842,337
914,405
848,540
893,444
848,540
893,508
848,472
916,571
868,405
868,444
868,405
868,444
893,472
893,508
893,472
893,508
868,504
914,508
868,432
868,444
803,540
868,508
836,498
889,385
868,508
868,480
848,472
868,381
848,571
848,508
829,508
893,508
914,504
936,308
914,308
1005,288
868,288
983,405
868,432
937,508
868,432
937,508
868,472
914,472
868,472
914,472
893,337
960,508
1071,317
1116,397
1160,420
1116,514
1134,454
1134,565
1178,454
1134,486
1250,397
1134,514
1237,341
1116,462
1116,300
1142,486
1178,341
1221,514
1221,341
1205,462
640,472
822,511
580,420
625,511
625,420
580,540
580,317
580,486
535,270
535,420
567,254
523,454
610,381
491,568
580,405
580,540
669,444
759,540
655,504
655,360
640,332
640,385
702,308
624,308
685,360
640,472
777,462
777,308
1071,504
1005,472
1051,540
1097,571
1097,648
1142,472
1051,540
1097,381
1071,432
1097,472
1071,432
1097,472
1205,405
1142,472
1123,432
1097,337
1142,360
1188,337
1160,540
1142,480
1160,405
1142,381
1160,480
1142,397
1116,480
1160,397
1205,381
1142,420
1047,454
1116,432
1134,420
1160,432
1237,511
1221,378
1071,405
1051,337
960,405
1030,381
982,444
1026,360
1026,420
1097,420
1026,444
1071,420
893,462
868,360
868,607
914,508
822,607
868,480
822,576
914,472
796,504
868,405
960,504
868,405
909,216
886,108
935,0
858,0
757,196
984,180
889,472
936,472
889,472
936,472
1142,300
1142,284
1142,300
1142,284
1170,270
1123,317
1250,360
1142,397
1116,300
1234,284
1116,300
1234,284
1071,341
1188,360
1071,341
1188,360
1083,0
1104,288
1264,144
1051,317
1142,360
1200,249
1234,360
1280,202
1234,432
1311,270
1248,249
1311,249
1248,249
1311,249
1097,381
1264,254
1077,360
1123,284
1077,360
1123,284
1104,341
1170,341
1008,300
1152,360
1248,240
1200,240
1217,317
1344,300
1200,308
1248,288
853,0
1037,98
909,249
1010,332
912,332
1033,332
1152,385
1083,432
1358,202
1296,190
1311,127
1392,540
1424,60
1329,180
1313,190
1129,231
1185,154
1298,462
814,108
734,240
847,196
989,308
936,317
935,420
1104,341
1104,341
814,332
495,108
794,360
960,240
867,120
1140,294
1140,196
1140,196
898,294
979,240
898,490
1080,98
960,462
1085,540
810,462
1000,360
868,196
1116,196
848,216
981,432
960,324
1085,90
868,216
982,360
936,135
960,294
909,360
960,98
1030,108
912,180
889,108
936,196
960,240
960,98
759,294
960,166
810,498
1237,462
698,385
1090,231
698,415
1134,231
685,415
1097,154
842,332
1097,231
912,180
935,180
864,308
1056,231
983,332
1123,308
983,308
1104,308
960,288
1170,288
982,360
1188,317
1005,405
1056,317
1005,360
1104,317
1005,381
1077,317
937,254
1097,360
982,405
1097,300
982,381
1142,300
1003,381
1188,360
981,381
1160,341
1003,381
1116,360
1134,337
1234,381
1134,337
1234,381
1178,381
1188,360
610,405
535,317
584,381
554,381
571,317
584,381
554,381
640,360
554,381
640,360
500,202
512,240
542,337
584,254
542,337
584,254
584,317
584,381
554,270
500,254
512,288
584,254
512,288
584,254
512,231
542,216
500,270
626,270
542,288
542,288
584,337
653,317
584,337
653,317
542,288
667,405
610,392
610,249
610,392
610,249
893,0
669,0
848,154
610,360
682,270
567,405
654,324
597,324
667,294
500,540
597,432
384,540
469,405
531,756
459,360
751,360
896,270
554,324
938,196
554,324
938,196
896,249
1152,450
872,270
1205,249
810,249
1142,332
810,249
1142,332
876,332
1160,385
785,249
1097,231
829,332
1097,332
810,270
982,385
834,308
960,360
834,308
960,360
810,166
1047,360
1090,154
848,120
918,196
1090,332
918,196
1090,332
918,166
1134,144
898,231
1003,216
853,308
1109,270
853,308
1109,270
1152,120
1384,294
1184,294
1194,332
1184,294
1194,332
1143,108
1194,360
1168,288
1221,317
1160,397
1237,397
1160,397
1237,397
1240,397
1237,397
1240,397
1237,397
980,508
960,660
939,472
1152,472
939,472
1152,472
857,405
1126,571
857,405
920,381
857,360
918,540
857,360
918,540
834,337
918,444
876,432
1062,472
857,337
1184,270
500,254
626,317
500,254
626,317
531,360
626,420
449,444
560,381
449,444
560,381
834,405
1021,508
876,432
1021,337
834,288
1062,405
834,288
1062,405
918,432
1085,444
654,249
785,231
600,288
640,317
612,270
612,317
612,270
612,317
600,254
612,317
600,202
587,254
600,202
587,254
653,308
857,270
853,385
1126,288
1194,385
1252,385
1194,385
1252,385
1225,300
1184,317
1225,300
1184,317
1184,270
1168,231
1160,341
1309,420
1102,397
1322,397
1102,397
1322,397
1753,581
1062,540
1062,308
981,254
1265,254
981,254
1265,254
1085,360
1396,227
1109,540
1265,284
1109,540
1265,284
1066,480
1280,324
960,381
1309,360
960,202
1237,254
939,317
1210,420
939,317
1210,420
1066,480
1210,300
980,420
1225,324
980,420
1225,324
1066,231
1126,337
1021,270
1237,420
876,144
938,360
709,337
1152,571
709,337
1152,571
768,288
981,405
842,270
1051,0
842,270
1051,0
836,120
1051,120
981,196
1280,294
981,196
1280,294
1005,77
1265,77
1043,405
1071,240
1043,405
1071,240
1018,504
1184,508
1018,420
1225,397
1200,540
1266,420
1200,540
1266,420
1090,270
1188,120
1066,324
1309,360
1043,308
1237,381
1000,405
1126,420
1000,405
1126,420
1024,240
1205,196
1126,308
1085,202
1126,308
1085,202
1143,508
1225,444
1120,480
1225,444
1120,480
1225,444
1097,540
1280,420
1080,472
1252,444
1102,308
1335,270
1102,432
1252,381
1120,540
1252,454
1097,511
1388,454
1102,405
1252,508
1102,405
1252,508
1120,444
1126,300
1097,294
1371,385
1097,294
1371,385
1168,508
1309,480
1102,480
1265,341
1102,480
1265,341
1160,568
1293,486
1190,638
1200,486
1242,568
1253,568
1136,540
1307,454
1214,736
1266,589
1190,617
1348,540
1190,617
1348,540
1240,324
1322,415
1136,405
1335,381
1152,568
1237,432
1204,638
1225,462
1159,594
1175,565
1242,568
1266,378
1634,90
1250,231
1091,332
1160,231
1070,486
1240,462
1070,514
1200,378
1070,514
1200,378
1033,514
1184,411
1107,514
1266,392
1123,411
1253,343
1123,411
1253,343
1070,514
1253,392
1070,514
1253,392
1086,486
1267,392
1050,454
1293,378
1070,397
1190,462
1070,511
1214,454
1054,420
1200,420
829,0
1109,240
1102,294
1237,308
1043,308
1450,337
1043,385
1377,405
1194,385
1352,432
1194,385
1352,432
1194,308
1280,317
1168,385
1265,472
1194,415
1322,472
1090,332
1309,432
1358,392
918,540
960,504
918,540
960,504
918,472
872,360
768,385
785,432
1043,337
1126,420
1043,337
1126,420
916,385
1116,444
1160,462
1142,508
1090,216
1234,480
1090,216
1234,480
1170,288
1097,308
848,462
960,420
868,249
1030,270
868,249
1030,270
848,415
1104,216
803,360
1142,360
868,324
868,324
1134,240
1030,270
1142,405
935,294
1097,405
1132,196
1097,405
1132,196
1071,135
984,196
1077,270
1061,216
1077,270
1061,216
1097,135
1033,270
896,405
853,360
754,270
704,294
822,154
822,0
822,0
768,324
768,324
926,135
926,135
664,154
754,0
754,405
926,360
743,589
1080,540
720,240
877,240
877,240
640,216
677,216
756,240
640,308
576,166
1072,540
882,308
882,308
858,332
454,360
454,360
518,360
586,360
640,415
660,270
814,270
790,270
480,231
640,405
467,288
518,337
404,405
467,337
454,360
443,420
443,420
492,420
443,381
443,381
555,108
555,108
555,317
454,190
505,317
720,360
1051,127
1051,127
848,180
829,454
1066,120
960,444
654,317
654,317
725,397
698,480
834,341
709,381
768,571
768,571
768,360
580,190
594,202
594,202
491,270
502,254
502,254
580,300
580,300
777,405
785,63
960,300
853,284
853,284
834,284
817,227
840,227
720,284
760,300
744,180
600,317
760,341
626,397
612,360
653,284
776,284
653,360
626,240
626,284
751,360
640,360
667,341
612,240
626,300
571,360
612,397
542,317
612,300
571,240
626,240
542,180
584,240
612,190
626,254
751,300
640,360
853,317
834,270
667,254
682,270
667,317
698,154
1280,108
1280,216
1266,196
1266,180
1026,196
940,196
940,196
920,98
793,294
793,294
640,166
793,288
793,288
834,77
834,308
768,231
785,385
834,249
876,385
918,308
872,83
938,240
916,196
898,405
857,405
1057,381
1057,381
1000,420
840,360
840,270
840,288
840,360
857,135
840,381
880,337
853,317
893,288
777,308
889,154
842,249
960,540
1008,231
689,249
689,180
689,270
757,294
1162,83
1132,166
1061,332
1181,83
1181,83
836,415
836,415
1010,108
1010,108
656,196
1008,540
1008,540
983,694
1083,324
1010,135
1132,462
1083,270
1083,270
1111,120
886,98
1417,498
1413,450
1500,508
1660,511
1693,540
1662,594
1637,625
1691,738
1678,702
1678,702
1721,702
1710,720
1600,540
1602,540
1557,568
713,332
987,332
720,216
872,462
872,504
893,385
893,385
